<?xml version="1.0" encoding="UTF-8"?>
<project-private xmlns="http://www.netbeans.org/ns/project-private/1">
    <editor-bookmarks xmlns="http://www.netbeans.org/ns/editor-bookmarks/2" lastBookmarkId="0"/>
    <open-files xmlns="http://www.netbeans.org/ns/projectui-open-files/2">
        <group>
            <file>file:/C:/Users/52223/OneDrive%20-%20Instituto%20Tecnológico%20Superior%20de%20Tepeaca/Documentos/NetBeansProjects/ArbolesArit/src/arbol/Main.java</file>
            <file>file:/C:/Users/52223/OneDrive%20-%20Instituto%20Tecnológico%20Superior%20de%20Tepeaca/Documentos/NetBeansProjects/ArbolesArit/src/arbol/Nodo.java</file>
        </group>
    </open-files>
</project-private>
